a,আ
aar,আর
abar,আবার
abe,আবে
aben,আবেন
abhiggota,অভিজ্ঞতা
abo,আবো
abossoi,অবশ্যই
abostha,অবস্থা
accha,আচ্ছা
acha,আচ্ছা
ache,আছে
achen,আছেন
achi,আছি
acho,আছো
agamikal,আগামীকাল
age,আগে
ai,আই
aj,আজ
ajke,আজকে
akhon,এখন
alam,আলাম
ale,আলে
alen,আলেন
alhamdulillah,আলহামদুলিল্লাহ
allah,আল্লাহ
alo,আলো
amader,আমাদের
amake,আমাকে
amar,আমার
amari,আমারই
ami,আমি
amk,আমাকে
amra,আমরা
an,আন
andhakar,অন্ধকার
anondo,আনন্দ
ao,আও
apk,আপনাকে
apnader,আপনাদের
apnake,আপনাকে
apnar,আপনার
apnara,আপনারা
apni,আপনি
ar,আর
as,আস
asa,আসা
asbe,আসবে
asben,আসবেন
asbo,আসবো
asche,আসছে
aschen,আসছেন
aschi,আসছি
ascho,আসছো
ase,আসে
asen,আসেন
ash,আস
asha,আসা
ashbe,আসবে
ashben,আসবেন
ashbo,আসবো
ashche,আসছে
ashchen,আসছেন
ashchi,আসছি
ashcho,আসছো
ashen,আসেন
ashi,আসি
ashirbad,আশীর্বাদ
ashlam,আসলাম
ashle,আসলে
ashlen,আসলেন
asho,আসো
ashole,আসলে
ashse,আসছে
ashsen,আসছেন
ashsi,আসছি
ashso,আসছো
ashtasen,আসতাছেন
ashtasi,আসতাছি
ashte,আসতে
ashtese,আসতেছে
ashtesen,আসতেছেন
ashtesi,আসতেছি
ashteso,আসতেছো
asi,আসি
asirbad,আশীর্বাদ
aslam,আসলাম
asle,আসলে
aslen,আসলেন
aso,আসো
asole,আসলে
assalamualaikum,আসসালামু আলাইকুম
asse,আসছে
assen,আসছেন
assi,আসছি
asso,আসছো
astasen,আসতাছেন
astasi,আসতাছি
aste,আস্তে
astese,আসতেছে
astesen,আসতেছেন
astesi,আসতেছি
asteso,আসতেছো
astitto,অস্তিত্ব
astitwo,অস্তিত্ব
ate,আতে
atese,আতেছে
atesen,আতেছেন
atesi,আতেছি
ateso,আতেছো
aw,আও
ay,আয়
baba,বাবা
bad,বাদ
badhi,ব্যাধি
baire,বাইরে
baje,বাজে
bal,বাল
bala,বালা
balbe,বালবে
balben,বালবেন
balbo,বালবো
balche,বালছে
balchen,বালছেন
balchi,বালছি
balcho,বালছো
balen,বালেন
bali,বালি
ballam,বাললাম
balle,বাললে
ballen,বাললেন
balo,বালো
balse,বালছে
balsen,বালছেন
balsi,বালছি
balso,বালছো
baltasen,বালতাছেন
baltasi,বালতাছি
balte,বালতে
baltese,বালতেছে
baltesen,বালতেছেন
baltesi,বালতেছি
balteso,বালতেছো
bandhu,বন্ধু
bari,বাড়ি
basha,বাসা
bastob,বাস্তব
batas,বাতাস
batash,বাতাস
beshi,বেশি
besi,বেশি
bhab,ভাব
bhaba,ভাবা
bhabbe,ভাববে
bhabben,ভাববেন
bhabbo,ভাববো
bhabche,ভাবছে
bhabchen,ভাবছেন
bhabchi,ভাবছি
bhabcho,ভাবছো
bhaben,ভাবেন
bhabi,ভাবি
bhablam,ভাবলাম
bhable,ভাবলে
bhablen,ভাবলেন
bhabna,ভাবনা
bhabo,ভাবো
bhabse,ভাবছে
bhabsen,ভাবছেন
bhabsi,ভাবছি
bhabso,ভাবছো
bhabtasen,ভাবতাছেন
bhabtasi,ভাবতাছি
bhabte,ভাবতে
bhabtese,ভাবতেছে
bhabtesen,ভাবতেছেন
bhabtesi,ভাবতেছি
bhabteso,ভাবতেছো
bhai,ভাই
bhalo,ভালো
bhalobasha,ভালোবাসা
bhalobhabe,ভালোভাবে
bhetore,ভেতরে
bhoy,ভয়
bhul,ভুল
bidesh,বিদেশ
bikal,বিকাল
bisesh,বিশেষ
bishesh,বিশেষ
bisshas,বিশ্বাস
biswas,বিশ্বাস
bol,বল
bola,বলা
bolbe,বলবে
bolben,বলবেন
bolbo,বলবো
bolche,বলছে
bolchen,বলছেন
bolchi,বলছি
bolcho,বলছো
bolen,বলেন
boli,বলি
bollam,বললাম
bolle,বললে
bollen,বললেন
bolo,বলো
bolse,বলছে
bolsen,বলছেন
bolsi,বলছি
bolso,বলছো
boltasen,বলতাছেন
boltasi,বলতাছি
bolte,বলতে
boltese,বলতেছে
boltesen,বলতেছেন
boltesi,বলতেছি
bolteso,বলতেছো
bon,বোন
bondhu,বন্ধু
boro,বড়
bos,বস
bosa,বসা
bosbe,বসবে
bosben,বসবেন
bosbo,বসবো
bosche,বসছে
boschen,বসছেন
boschi,বসছি
boscho,বসছো
bosen,বসেন
bosh,বস
bosha,বসা
boshbe,বসবে
boshben,বসবেন
boshbo,বসবো
boshche,বসছে
boshchen,বসছেন
boshchi,বসছি
boshcho,বসছো
boshen,বসেন
boshi,বসি
boshlam,বসলাম
boshle,বসলে
boshlen,বসলেন
bosho,বসো
boshse,বসছে
boshsen,বসছেন
boshsi,বসছি
boshso,বসছো
boshtasen,বসতাছেন
boshtasi,বসতাছি
boshte,বসতে
boshtese,বসতেছে
boshtesen,বসতেছেন
boshtesi,বসতেছি
boshteso,বসতেছো
bosi,বসি
boslam,বসলাম
bosle,বসলে
boslen,বসলেন
boso,বসো
bosse,বসছে
bossen,বসছেন
bossi,বসছি
bosso,বসছো
bostasen,বসতাছেন
bostasi,বসতাছি
boste,বসতে
bostese,বসতেছে
bostesen,বসতেছেন
bostesi,বসতেছি
bosteso,বসতেছো
bostob,বাস্তব
brishti,বৃষ্টি
bristi,বৃষ্টি
byadhi,ব্যাধি
chara,ছাড়া
chele,ছেলে
chilam,ছিলাম
chilen,ছিলেন
chilo,ছিল
chin,চিন
china,চিনা
chinbe,চিনবে
chinben,চিনবেন
chinbo,চিনবো
chinche,চিনছে
chinchen,চিনছেন
chinchi,চিনছি
chincho,চিনছো
chinen,চিনেন
chini,চিনি
chinlam,চিনলাম
chinle,চিনলে
chinlen,চিনলেন
chino,চিনো
chinse,চিনছে
chinsen,চিনছেন
chinsi,চিনছি
chinso,চিনছো
chintasen,চিনতাছেন
chintasi,চিনতাছি
chinte,চিনতে
chintese,চিনতেছে
chintesen,চিনতেছেন
chintesi,চিনতেছি
chinteso,চিনতেছো
chirodin,চিরদিন
chol,চল
chola,চলা
cholbe,চলবে
cholben,চলবেন
cholbo,চলবো
cholche,চলছে
cholchen,চলছেন
cholchi,চলছি
cholcho,চলছো
cholen,চলেন
choli,চলি
chollam,চললাম
cholle,চললে
chollen,চললেন
cholo,চলো
cholse,চলছে
cholsen,চলছেন
cholsi,চলছি
cholso,চলছো
choltasen,চলতাছেন
choltasi,চলতাছি
cholte,চলতে
choltese,চলতেছে
choltesen,চলতেছেন
choltesi,চলতেছি
cholteso,চলতেছো
choto,ছোট
cin,চিন
cina,চিনা
cinbe,চিনবে
cinben,চিনবেন
cinbo,চিনবো
cinche,চিনছে
cinchen,চিনছেন
cinchi,চিনছি
cincho,চিনছো
cinen,চিনেন
cini,চিনি
cinlam,চিনলাম
cinle,চিনলে
cinlen,চিনলেন
cino,চিনো
cinse,চিনছে
cinsen,চিনছেন
cinsi,চিনছি
cinso,চিনছো
cintasen,চিনতাছেন
cintasi,চিনতাছি
cinte,চিনতে
cintese,চিনতেছে
cintesen,চিনতেছেন
cintesi,চিনতেছি
cinteso,চিনতেছো
cirodin,চিরদিন
col,চল
cola,চলা
colbe,চলবে
colben,চলবেন
colbo,চলবো
colche,চলছে
colchen,চলছেন
colchi,চলছি
colcho,চলছো
colen,চলেন
coli,চলি
collam,চললাম
colle,চললে
collen,চললেন
colo,চলো
colse,চলছে
colsen,চলছেন
colsi,চলছি
colso,চলছো
coltasen,চলতাছেন
coltasi,চলতাছি
colte,চলতে
coltese,চলতেছে
coltesen,চলতেছেন
coltesi,চলতেছি
colteso,চলতেছো
dak,ডাক
daka,ডাকা
dakbe,ডাকবে
dakben,ডাকবেন
dakbo,ডাকবো
dakche,ডাকছে
dakchen,ডাকছেন
dakchi,ডাকছি
dakcho,ডাকছো
daken,ডাকেন
daki,ডাকি
daklam,ডাকলাম
dakle,ডাকলে
daklen,ডাকলেন
dako,ডাকো
dakse,ডাকছে
daksen,ডাকছেন
daksi,ডাকছি
dakso,ডাকছো
daktasen,ডাকতাছেন
daktasi,ডাকতাছি
dakte,ডাকতে
daktese,ডাকতেছে
daktesen,ডাকতেছেন
daktesi,ডাকতেছি
dakteso,ডাকতেছো
darun,দারুণ
de,দে
debe,দেবে
deben,দেবেন
debo,দেবো
deche,দেচ্ছে
dechen,দেচ্ছেন
dechi,দেচ্ছি
decho,দেচ্ছো
dei,দেই
dek,দেখ
deka,দেখা
dekbe,দেখবে
dekben,দেখবেন
dekbo,দেখবো
dekche,দেখছে
dekchen,দেখছেন
dekchi,দেখছি
dekcho,দেখছো
deken,দেখেন
dekh,দেখ
dekha,দেখা
dekhbe,দেখবে
dekhben,দেখবেন
dekhbo,দেখবো
dekhche,দেখছে
dekhchen,দেখছেন
dekhchi,দেখছি
dekhcho,দেখছো
dekhen,দেখেন
dekhi,দেখি
dekhlam,দেখলাম
dekhle,দেখলে
dekhlen,দেখলেন
dekho,দেখো
dekhse,দেখছে
dekhsen,দেখছেন
dekhsi,দেখছি
dekhso,দেখছো
dekhtasen,দেখতাছেন
dekhtasi,দেখতাছি
dekhte,দেখতে
dekhtese,দেখতেছে
dekhtesen,দেখতেছেন
dekhtesi,দেখতেছি
dekhteso,দেখতেছো
deki,দেখি
deklam,দেখলাম
dekle,দেখলে
deklen,দেখলেন
deko,দেখো
dekse,দেখছে
deksen,দেখছেন
deksi,দেখছি
dekso,দেখছো
dektasen,দেখতাছেন
dektasi,দেখতাছি
dekte,দেখতে
dektese,দেখতেছে
dektesen,দেখতেছেন
dektesi,দেখতেছি
dekteso,দেখতেছো
delam,দেলাম
dele,দেলে
delen,দেলেন
den,দেন
deo,দেও
der,দের
dese,দেচ্ছে
desen,দেচ্ছেন
desh,দেশ
desi,দেচ্ছি
deso,দেচ্ছো
dete,দেতে
detese,দেতেছে
detesen,দেতেছেন
detesi,দেতেছি
deteso,দেতেছো
dew,দেও
dey,দেয়
dhonnobad,ধন্যবাদ
dhormiyo,ধর্মীয়
dhormo,ধর্ম
di,দি
dibe,দিবে
diben,দিবেন
dibo,দিবো
dicche,দিচ্ছে
dicchi,দিচ্ছি
diche,দিচ্ছে
dichen,দিচ্ছেন
dichi,দিচ্ছি
dicho,দিচ্ছো
dii,দিই
dilam,দিলাম
dile,দিলে
dilen,দিলেন
din,দিন
dio,দিও
dise,দিচ্ছে
disen,দিচ্ছেন
disi,দিচ্ছি
diso,দিচ্ছো
dite,দিতে
ditese,দিতেছে
ditesen,দিতেছেন
ditesi,দিতেছি
diteso,দিতেছো
diw,দিও
diy,দিয়
donnobad,ধন্যবাদ
dorkar,দরকার
dukho,দুঃখ
dukkho,দুঃখ
dure,দূরে
ebar,এবার
ebong,এবং
ekdom,একদম
ekhon,এখন
ekti,একটি
er,এর
fb,ফেসবুক
geche,গেছে
gechi,গেছি
gelo,গেলো
gese,গেছে
gesi,গেছি
gotokal,গতকাল
gram,গ্রাম
ha,হ্যাঁ
haa,হ্যাঁ
haoya,হাওয়া
has,হাস
hasa,হাসা
hasbe,হাসবে
hasben,হাসবেন
hasbo,হাসবো
hasche,হাসছে
haschen,হাসছেন
haschi,হাসছি
hascho,হাসছো
hasen,হাসেন
hash,হাস
hasha,হাসা
hashbe,হাসবে
hashben,হাসবেন
hashbo,হাসবো
hashche,হাসছে
hashchen,হাসছেন
hashchi,হাসছি
hashcho,হাসছো
hashen,হাসেন
hashi,হাসি
hashlam,হাসলাম
hashle,হাসলে
hashlen,হাসলেন
hasho,হাসো
hashse,হাসছে
hashsen,হাসছেন
hashsi,হাসছি
hashso,হাসছো
hashtasen,হাসতাছেন
hashtasi,হাসতাছি
hashte,হাসতে
hashtese,হাসতেছে
hashtesen,হাসতেছেন
hashtesi,হাসতেছি
hashteso,হাসতেছো
hasi,হাসি
haslam,হাসলাম
hasle,হাসলে
haslen,হাসলেন
haso,হাসো
hasse,হাসছে
hassen,হাসছেন
hassi,হাসছি
hasso,হাসছো
hastasen,হাসতাছেন
hastasi,হাসতাছি
haste,হাসতে
hastese,হাসতেছে
hastesen,হাসতেছেন
hastesi,হাসতেছি
hasteso,হাসতেছো
hasy,হাসি
hmm,হুম
ho,হও
hobe,হবে
hoben,হবেন
hobo,হবো
hocche,হচ্ছে
hocchen,হচ্ছেন
hocchi,হচ্ছি
hoi,হই
holam,হলাম
hole,হলে
holen,হলেন
holo,হলো
hon,হন
hosse,হচ্ছে
hossen,হচ্ছেন
hossi,হচ্ছি
hotash,হতাশ
hotasha,হতাশা
hotat,হঠাৎ
hote,হতে
hothat,হঠাৎ
hothath,হঠাৎ
hoy,হয়
hum,হুম
humm,হুম
hya,হ্যাঁ
icca,ইচ্ছা
iccha,ইচ্ছা
inshallah,ইনশাআল্লাহ
ja,যা
jabe,যাবে
jaben,যাবেন
jabo,যাবো
jache,যাচ্ছে
jachen,যাচ্ছেন
jachi,যাচ্ছি
jacho,যাচ্ছো
jai,যাই
jakhon,যখন
jalam,যালাম
jale,যালে
jalen,যালেন
jamon,যেমন
jan,জান
jana,জানা
janbe,জানবে
janben,জানবেন
janbo,জানবো
janche,জানছে
janchen,জানছেন
janchi,জানছি
jancho,জানছো
janen,জানেন
jani,জানি
janlam,জানলাম
janle,জানলে
janlen,জানলেন
jano,যেন
janse,জানছে
jansen,জানছেন
jansi,জানছি
janso,জানছো
jantasen,জানতাছেন
jantasi,জানতাছি
jante,জানতে
jantese,জানতেছে
jantesen,জানতেছেন
jantesi,জানতেছি
janteso,জানতেছো
jao,যাও
jase,যাচ্ছে
jasen,যাচ্ছেন
jasi,যাচ্ছি
jaso,যাচ্ছো
jate,যাতে
jatese,যাতেছে
jatesen,যাতেছেন
jatesi,যাতেছি
jateso,যাতেছো
jaw,যাও
jay,যায়
jee,জি
jemon,যেমন
jeno,যেন
ji,জি
jibon,জীবন
jodi,যদি
jokhon,যখন
jokjon,যখন
jokon,যখন
jon,জন
jonno,জন্য
ka,কা
kabe,খাবে
kaben,খাবেন
kabo,খাবো
kache,কাছে
kachen,খাচ্ছেন
kachi,খাচ্ছি
kacho,খাচ্ছো
kad,কাদ
kada,কাদা
kadbe,কাদবে
kadben,কাদবেন
kadbo,কাদবো
kadche,কাদছে
kadchen,কাদছেন
kadchi,কাদছি
kadcho,কাদছো
kaden,কাদেন
kadi,কাদি
kadlam,কাদলাম
kadle,কাদলে
kadlen,কাদলেন
kado,কাদো
kadse,কাদছে
kadsen,কাদছেন
kadsi,কাদছি
kadso,কাদছো
kadtasen,কাদতাছেন
kadtasi,কাদতাছি
kadte,কাদতে
kadtese,কাদতেছে
kadtesen,কাদতেছেন
kadtesi,কাদতেছি
kadteso,কাদতেছো
kai,খাই
kaj,কাজ
kake,কাকে
kakhon,কখন
kal,কাল
kalam,খালাম
kale,খালে
kalen,খালেন
kalke,কালকে
kalo,কালো
kalte,কালকে
kamon,কেমন
kan,খান
kanna,কান্না
kao,খাও
karn,কারণ
karon,কারণ
kase,খাচ্ছে
kasen,খাচ্ছেন
kasi,খাচ্ছি
kaso,খাচ্ছো
kate,খাতে
katese,খাতেছে
katesen,খাতেছেন
katesi,খাতেছি
kateso,খাতেছো
kaw,খাও
kay,খায়
ke,কে
kemn,কেমন
kemon,কেমন
keno,কেন
kha,খা
khabe,খাবে
khaben,খাবেন
khabo,খাবো
khache,খাচ্ছে
khachen,খাচ্ছেন
khachi,খাচ্ছি
khacho,খাচ্ছো
khai,খাই
khalam,খালাম
khale,খালে
khalen,খালেন
khamota,ক্ষমতা
khan,খান
khao,খাও
kharap,খারাপ
khase,খাচ্ছে
khasen,খাচ্ছেন
khasi,খাচ্ছি
khaso,খাচ্ছো
khate,খাতে
khatese,খাতেছে
khatesen,খাতেছেন
khatesi,খাতেছি
khateso,খাতেছো
khato,খাটো
khaw,খাও
khay,খায়
khel,খেল
khela,খেলা
khelbe,খেলবে
khelben,খেলবেন
khelbo,খেলবো
khelche,খেলছে
khelchen,খেলছেন
khelchi,খেলছি
khelcho,খেলছো
khelen,খেলেন
kheli,খেলি
khellam,খেললাম
khelle,খেললে
khellen,খেললেন
khelo,খেলো
khelse,খেলছে
khelsen,খেলছেন
khelsi,খেলছি
khelso,খেলছো
kheltasen,খেলতাছেন
kheltasi,খেলতাছি
khelte,খেলতে
kheltese,খেলতেছে
kheltesen,খেলতেছেন
kheltesi,খেলতেছি
khelteso,খেলতেছো
khoma,ক্ষমা
khomota,ক্ষমতা
khor,খর
khora,খরা
khorbe,খরবে
khorben,খরবেন
khorbo,খরবো
khorche,খরছে
khorchen,খরছেন
khorchi,খরছি
khorcho,খরছো
khoren,খরেন
khori,খরি
khorlam,খরলাম
khorle,খরলে
khorlen,খরলেন
khoro,খরো
khorse,খরছে
khorsen,খরছেন
khorsi,খরছি
khorso,খরছো
khortasen,খরতাছেন
khortasi,খরতাছি
khorte,খরতে
khortese,খরতেছে
khortesen,খরতেছেন
khortesi,খরতেছি
khorteso,খরতেছো
khub,খুব
khuda,ক্ষুধা
khudha,ক্ষুধা
ki,কি
kibhabe,কিভাবে
kii,কী
kintu,কিন্তু
kivabe,কিভাবে
kkhn,কখন
kkhoma,ক্ষমা
kmn,কেমন
kn,কেন
kna,কাদ
knabe,কাদবে
knaben,কাদবেন
knabo,কাদবো
knache,কাদচ্ছে
knachen,কাদচ্ছেন
knachi,কাদচ্ছি
knacho,কাদচ্ছো
knai,কাদই
knalam,কাদলাম
knale,কাদলে
knalen,কাদলেন
knan,কাদন
knao,কাদও
knase,কাদচ্ছে
knasen,কাদচ্ছেন
knasi,কাদচ্ছি
knaso,কাদচ্ছো
knate,কাদতে
knatese,কাদতেছে
knatesen,কাদতেছেন
knatesi,কাদতেছি
knateso,কাদতেছো
knaw,কাদও
knay,কাদয়
kno,কেন
kntu,কিন্তু
kobe,কবে
kokhon,কখন
kokhono,কখনো
kom,কম
kon,কোন
kor,কর
kora,করা
korbe,করবে
korben,করবেন
korbo,করবো
korche,করছে
korchen,করছেন
korchi,করছি
korcho,করছো
koren,করেন
kori,করি
korlam,করলাম
korle,করলে
korlen,করলেন
koro,করো
korse,করছে
korsen,করছেন
korsi,করছি
korso,করছো
kortasen,করতাছেন
kortasi,করতাছি
korte,করতে
kortese,করতেছে
kortesen,করতেছেন
kortesi,করতেছি
korteso,করতেছো
koshto,কষ্ট
kosto,কষ্ট
kotha,কথা
kothakar,কোথাকার
kothay,কোথায়
kothin,কঠিন
koto,কত
kto,কত
kub,খুব
lal,লাল
lek,লেখ
leka,লেখা
lekbe,লেখবে
lekben,লেখবেন
lekbo,লেখবো
lekche,লেখছে
lekchen,লেখছেন
lekchi,লেখছি
lekcho,লেখছো
leken,লেখেন
lekh,লেখ
lekha,লেখা
lekhbe,লেখবে
lekhben,লেখবেন
lekhbo,লেখবো
lekhche,লেখছে
lekhchen,লেখছেন
lekhchi,লেখছি
lekhcho,লেখছো
lekhen,লেখেন
lekhi,লেখি
lekhlam,লেখলাম
lekhle,লেখলে
lekhlen,লেখলেন
lekho,লেখো
lekhse,লেখছে
lekhsen,লেখছেন
lekhsi,লেখছি
lekhso,লেখছো
lekhtasen,লেখতাছেন
lekhtasi,লেখতাছি
lekhte,লেখতে
lekhtese,লেখতেছে
lekhtesen,লেখতেছেন
lekhtesi,লেখতেছি
lekhteso,লেখতেছো
leki,লেখি
leklam,লেখলাম
lekle,লেখলে
leklen,লেখলেন
leko,লেখো
lekse,লেখছে
leksen,লেখছেন
leksi,লেখছি
lekso,লেখছো
lektasen,লেখতাছেন
lektasi,লেখতাছি
lekte,লেখতে
lektese,লেখতেছে
lektesen,লেখতেছেন
lektesi,লেখতেছি
lekteso,লেখতেছো
lomba,লম্বা
ma,মা
mane,মানে
message,মেসেজ
meye,মেয়ে
mittu,মৃত্যু
moron,মরণ
moronbadhi,মরণব্যাধি
moronbyadhi,মরণব্যাধি
motamuti,মোটামুটি
mrittu,মৃত্যু
msg,মেসেজ
na,না
naa,না
nagorik,নাগরিক
nai,নাই
naki,নাকি
nam,নাম
nashto,নষ্ট
nasto,নষ্ট
ne,নে
nebe,নেবে
neben,নেবেন
nebo,নেবো
neche,নেচ্ছে
nechen,নেচ্ছেন
nechi,নেচ্ছি
necho,নেচ্ছো
nei,নেই
nelam,নেলাম
nele,নেলে
nelen,নেলেন
nen,নেন
neo,নেও
nese,নেচ্ছে
nesen,নেচ্ছেন
nesi,নেচ্ছি
neso,নেচ্ছো
net,নেট
nete,নেতে
netese,নেতেছে
netesen,নেতেছেন
netesi,নেতেছি
neteso,নেতেছো
new,নেও
ney,নেয়
ni,নি
nibe,নিবে
niben,নিবেন
nibo,নিবো
nicche,নিচ্ছে
nicchi,নিচ্ছি
niche,নিচে
nichen,নিচ্ছেন
nichi,নিচ্ছি
nicho,নিচ্ছো
nii,নিই
nil,নীল
nilam,নিলাম
nile,নিলে
nilen,নিলেন
nin,নিন
nio,নিও
nischit,নিশ্চিত
nischoy,নিশ্চয়
nise,নিচ্ছে
nisen,নিচ্ছেন
nisi,নিচ্ছি
niso,নিচ্ছো
nite,নিতে
nitese,নিতেছে
nitesen,নিতেছেন
nitesi,নিতেছি
niteso,নিতেছো
niw,নিও
niy,নিয়
nodi,নদী
non,নন
notun,নতুন
noy,নয়
o,ও
obe,ওবে
oben,ওবেন
obo,ওবো
obossoi,অবশ্যই
obostha,অবস্থা
oche,ওচ্ছে
ochen,ওচ্ছেন
ochi,ওচ্ছি
ocho,ওচ্ছো
oder,ওদের
odhik,অধিক
oi,ওই
ok,ওকে
okay,ওকে
oke,ওকে
olam,ওলাম
ole,ওলে
olen,ওলেন
on,ওন
ondhokar,অন্ধকার
onek,অনেক
onekta,অনেকটা
onnek,অনেক
oo,ওও
or,ওর
ora,ওরা
ortho,অর্থ
osadharon,অসাধারণ
ose,ওচ্ছে
osen,ওচ্ছেন
osi,ওচ্ছি
oso,ওচ্ছো
osthisto,অস্তিত্ব
osthito,অস্তিত্ব
osthitwo,অস্তিত্ব
ostitto,অস্তিত্ব
ostitwo,অস্তিত্ব
ote,ওতে
otese,ওতেছে
otesen,ওতেছেন
otesi,ওতেছি
oteso,ওতেছো
othoba,অথবা
oviggota,অভিজ্ঞতা
ow,ওও
oy,ওয়
pa,পা
pabe,পাবে
paben,পাবেন
pabo,পাবো
pache,পাচ্ছে
pachen,পাচ্ছেন
pachi,পাচ্ছি
pacho,পাচ্ছো
pahar,পাহাড়
paharh,পাহাড়
pai,পাই
palam,পালাম
pale,পালে
palen,পালেন
pan,পান
pao,পাও
pase,পাচ্ছে
pasen,পাচ্ছেন
pasi,পাচ্ছি
paso,পাচ্ছো
pate,পাতে
patese,পাতেছে
patesen,পাতেছেন
patesi,পাতেছি
pateso,পাতেছো
paw,পাও
pay,পায়
phone,ফোন
pichone,পেছনে
poisa,পয়সা
pore,পরে
poribar,পরিবার
poristhiti,পরিস্থিতি
porshu,পরশু
porsu,পরশু
pray,প্রায়
proshno,প্রশ্ন
prosno,প্রশ্ন
proyojon,প্রয়োজন
puraton,পুরাতন
puron,পুরোন
purono,পুরোনো
r,আর
rak,রাখ
raka,রাখা
rakbe,রাখবে
rakben,রাখবেন
rakbo,রাখবো
rakche,রাখছে
rakchen,রাখছেন
rakchi,রাখছি
rakcho,রাখছো
raken,রাখেন
rakh,রাখ
rakha,রাখা
rakhbe,রাখবে
rakhben,রাখবেন
rakhbo,রাখবো
rakhche,রাখছে
rakhchen,রাখছেন
rakhchi,রাখছি
rakhcho,রাখছো
rakhen,রাখেন
rakhi,রাখি
rakhlam,রাখলাম
rakhle,রাখলে
rakhlen,রাখলেন
rakho,রাখো
rakhse,রাখছে
rakhsen,রাখছেন
rakhsi,রাখছি
rakhso,রাখছো
rakhtasen,রাখতাছেন
rakhtasi,রাখতাছি
rakhte,রাখতে
rakhtese,রাখতেছে
rakhtesen,রাখতেছেন
rakhtesi,রাখতেছি
rakhteso,রাখতেছো
raki,রাখি
raklam,রাখলাম
rakle,রাখলে
raklen,রাখলেন
rako,রাখো
rakse,রাখছে
raksen,রাখছেন
raksi,রাখছি
rakso,রাখছো
raktasen,রাখতাছেন
raktasi,রাখতাছি
rakte,রাখতে
raktese,রাখতেছে
raktesen,রাখতেছেন
raktesi,রাখতেছি
rakteso,রাখতেছো
rasta,রাস্তা
rastra,রাষ্ট্র
rastro,রাষ্ট্র
rat,রাত
rin,ঋণ
rod,রোদ
sada,সাদা
sadharon,সাধারণ
sadhinota,স্বাধীনতা
sahos,সাহস
sakal,সকাল
salam,সালাম
samne,সামনে
samosto,সমস্ত
sandeho,সন্দেহ
santi,শান্তি
sathe,সাথে
satti,সত্যি
se,সে
shada,সাদা
shadharon,সাধারণ
shadhinota,স্বাধীনতা
shagotom,স্বাগতম
shahos,সাহস
shamne,সামনে
shanti,শান্তি
shathe,সাথে
she,সে
shikkha,শিক্ষা
shikkhar,শিক্ষার
shob,সব
shobai,সবাই
shohor,শহর
shohoy,সহজ
shoinno,সৈন্য
shokol,সকল
shomadhan,সমাধান
shomaj,সমাজ
shomossha,সমস্যা
shomoy,সময়
shomporko,সম্পর্ক
shondeho,সন্দেহ
shongshar,সংসার
shonno,শূন্য
shopno,স্বপ্ন
shorkar,সরকার
shotik,সঠিক
shotti,সত্যি
shrom,শ্রম
shudhu,শুধু
shudhumatro,শুধুমাত্র
shuk,সুখ
shun,শুন
shuna,শুনা
shunbe,শুনবে
shunben,শুনবেন
shunbo,শুনবো
shunche,শুনছে
shunchen,শুনছেন
shunchi,শুনছি
shuncho,শুনছো
shundor,সুন্দর
shundorbhabe,সুন্দরভাবে
shunen,শুনেন
shuni,শুনি
shunlam,শুনলাম
shunle,শুনলে
shunlen,শুনলেন
shunno,শূন্য
shuno,শুনো
shunse,শুনছে
shunsen,শুনছেন
shunsi,শুনছি
shunso,শুনছো
shuntasen,শুনতাছেন
shuntasi,শুনতাছি
shunte,শুনতে
shuntese,শুনতেছে
shuntesen,শুনতেছেন
shuntesi,শুনতেছি
shunteso,শুনতেছো
shunya,শূন্য
sikkha,শিক্ষা
silam,ছিলাম
silen,ছিলেন
silo,ছিল
sob,সব
sobai,সবাই
sobuj,সবুজ
sohoj,সহজ
sohor,শহর
soinno,সৈন্য
sokal,সকাল
sokol,সকল
somadhan,সমাধান
somaj,সমাজ
somossa,সমস্যা
somossha,সমস্যা
somosto,সমস্ত
somoy,সময়
somoymoto,সময়মতো
somporko,সম্পর্ক
songsar,সংসার
sonno,সৈন্য
sopno,স্বপ্ন
sorkar,সরকার
sotik,সঠিক
sotti,সত্যি
sotyi,সত্যি
sposhto,স্পষ্ট
sposto,স্পষ্ট
srom,শ্রম
sromik,শ্রমিক
sudhu,শুধু
sudhumatro,শুধুমাত্র
sudu,শুধু
suk,সুখ
sukh,সুখ
sun,শুন
suna,শুনা
sunbe,শুনবে
sunben,শুনবেন
sunbo,শুনবো
sunche,শুনছে
sunchen,শুনছেন
sunchi,শুনছি
suncho,শুনছো
sundor,সুন্দর
sundori,সুন্দরী
sundorvabe,সুন্দরভাবে
sunen,শুনেন
suni,শুনি
sunlam,শুনলাম
sunle,শুনলে
sunlen,শুনলেন
sunno,শূন্য
suno,শুনো
sunse,শুনছে
sunsen,শুনছেন
sunsi,শুনছি
sunso,শুনছো
suntasen,শুনতাছেন
suntasi,শুনতাছি
sunte,শুনতে
suntese,শুনতেছে
suntesen,শুনতেছেন
suntesi,শুনতেছি
sunteso,শুনতেছো
sunya,শূন্য
swagotom,স্বাগতম
tader,তাদের
tai,তাই
taka,টাকা
take,তাকে
takhon,তখন
tamon,তেমন
tar,তার
tara,তারা
taratari,তাড়াতাড়ি
tarpor,তারপর
tarpore,তারপরে
te,তে
temon,তেমন
thik,ঠিক
tik,ঠিক
tk,টাকা
tmk,তোমাকে
tobu,তবু
toder,তোদের
toke,তোকে
tokhon,তখন
tomader,তোমাদের
tomake,তোমাকে
tomar,তোমার
tomari,তোমারই
tomra,তোমরা
tor,তোর
tora,তোরা
tui,তুই
tumi,তুমি
u,উ
ube,উবে
uben,উবেন
ubo,উবো
uche,উচ্ছে
uchen,উচ্ছেন
uchi,উচ্ছি
ucho,উচ্ছো
ui,উই
ulam,উলাম
ule,উলে
ulen,উলেন
un,উন
uo,উও
upore,উপরে
use,উচ্ছে
usen,উচ্ছেন
usi,উচ্ছি
uso,উচ্ছো
ut,উঠ
uta,উঠা
utbe,উঠবে
utben,উঠবেন
utbo,উঠবো
utche,উঠছে
utchen,উঠছেন
utchi,উঠছি
utcho,উঠছো
ute,উতে
uten,উঠেন
utese,উতেছে
utesen,উতেছেন
utesi,উতেছি
uteso,উতেছো
uti,উঠি
utlam,উঠলাম
utle,উঠলে
utlen,উঠলেন
uto,উঠো
utse,উঠছে
utsen,উঠছেন
utsi,উঠছি
utso,উঠছো
uttasen,উঠতাছেন
uttasi,উঠতাছি
utte,উঠতে
uttese,উঠতেছে
uttesen,উঠতেছেন
uttesi,উঠতেছি
utteso,উঠতেছো
uttom,উত্তম
uttor,উত্তর
uw,উও
uy,উয়
vab,ভাব
vaba,ভাবা
vabbe,ভাববে
vabben,ভাববেন
vabbo,ভাববো
vabche,ভাবছে
vabchen,ভাবছেন
vabchi,ভাবছি
vabcho,ভাবছো
vaben,ভাবেন
vabi,ভাবি
vablam,ভাবলাম
vable,ভাবলে
vablen,ভাবলেন
vabna,ভাবনা
vabo,ভাবো
vabse,ভাবছে
vabsen,ভাবছেন
vabsi,ভাবছি
vabso,ভাবছো
vabtasen,ভাবতাছেন
vabtasi,ভাবতাছি
vabte,ভাবতে
vabtese,ভাবতেছে
vabtesen,ভাবতেছেন
vabtesi,ভাবতেছি
vabteso,ভাবতেছো
vai,ভাই
valo,ভালো
valobasa,ভালোবাসা
valovabe,ভালোভাবে
vitor,ভিতর
voy,ভয়
vul,ভুল
za,যা
zabe,যাবে
zaben,যাবেন
zabo,যাবো
zache,যাচ্ছে
zachen,যাচ্ছেন
zachi,যাচ্ছি
zacho,যাচ্ছো
zai,যাই
zalam,যালাম
zale,যালে
zalen,যালেন
zan,জান
zana,জানা
zanbe,জানবে
zanben,জানবেন
zanbo,জানবো
zanche,জানছে
zanchen,জানছেন
zanchi,জানছি
zancho,জানছো
zanen,জানেন
zani,জানি
zanlam,জানলাম
zanle,জানলে
zanlen,জানলেন
zano,জানো
zanse,জানছে
zansen,জানছেন
zansi,জানছি
zanso,জানছো
zantasen,জানতাছেন
zantasi,জানতাছি
zante,জানতে
zantese,জানতেছে
zantesen,জানতেছেন
zantesi,জানতেছি
zanteso,জানতেছো
zao,যাও
zase,যাচ্ছে
zasen,যাচ্ছেন
zasi,যাচ্ছি
zaso,যাচ্ছো
zate,যাতে
zatese,যাতেছে
zatesen,যাতেছেন
zatesi,যাতেছি
zateso,যাতেছো
zaw,যাও
zay,যায়
zhani,জানি
zibon,জীবন
zno,যেন
zodi,যদি
